metro_nonmetro,year,county_name,state_abbr,geoId,value_poverty,value_unemployment
Metropolitan,2009,Adams County,CO,us-co-001,0.13299992007216,0.08464176378615
Metropolitan,2009,Arapahoe County,CO,us-co-005,0.1230000125743,0.07252869627548
Metropolitan,2009,Boulder County,CO,us-co-013,0.1289999320606,0.06126437174535
Metropolitan,2009,Broomfield County,CO,us-co-014,0.04900027141952,0.06882801102286
Metropolitan,2009,Clear Creek County,CO,us-co-019,0.08099652375435,0.07187615186141
Metropolitan,2009,Denver County,CO,us-co-031,0.18799989340049,0.0810681647201
Metropolitan,2009,Douglas County,CO,us-co-035,0.03299997910733,0.06165669837925
Metropolitan,2009,El Paso County,CO,us-co-041,0.11500003413831,0.07874401284366
Metropolitan,2009,Elbert County,CO,us-co-039,0.05400043131335,0.06989870872961
Metropolitan,2009,Gilpin County,CO,us-co-047,0.07299927901947,0.06040816326531
Metropolitan,2009,Jefferson County,CO,us-co-059,0.08099998497844,0.07129461465572
Metropolitan,2009,Larimer County,CO,us-co-069,0.14699979759654,0.06262295081967
Metropolitan,2009,Mesa County,CO,us-co-077,0.11799967898839,0.08368771857141
Metropolitan,2009,Park County,CO,us-co-093,0.09100186085599,0.06951585261354
Metropolitan,2009,Pueblo County,CO,us-co-101,0.16900052056221,0.08185630266736
Metropolitan,2009,Teller County,CO,us-co-119,0.08200138985407,0.0754607818828
Metropolitan,2009,Weld County,CO,us-co-123,0.14799998401426,0.08179293012797
Metropolitan,2010,Adams County,CO,us-co-001,0.12999990909256,0.1003027055644
Metropolitan,2010,Arapahoe County,CO,us-co-005,0.11399999650162,0.08574376905259
Metropolitan,2010,Boulder County,CO,us-co-013,0.13599997217178,0.07037870024017
Metropolitan,2010,Broomfield County,CO,us-co-014,0.06000036112164,0.07419620774938
Metropolitan,2010,Clear Creek County,CO,us-co-019,0.086,0.08109550062244
Metropolitan,2010,Denver County,CO,us-co-031,0.21300004743801,0.09110733910642
Metropolitan,2010,Douglas County,CO,us-co-035,0.03499996494746,0.06957758281383
Metropolitan,2010,El Paso County,CO,us-co-041,0.13400004274481,0.09346801258864
Metropolitan,2010,Elbert County,CO,us-co-039,0.06500021812154,0.08059584476676
Metropolitan,2010,Gilpin County,CO,us-co-047,0.07500461851099,0.08025247971145
Metropolitan,2010,Jefferson County,CO,us-co-059,0.08800001511833,0.08368720665764
Metropolitan,2010,Larimer County,CO,us-co-069,0.13600008206784,0.07632896277081
Metropolitan,2010,Mesa County,CO,us-co-077,0.1469995239562,0.10953450790272
Metropolitan,2010,Park County,CO,us-co-093,0.09299876084263,0.08142308889119
Metropolitan,2010,Pueblo County,CO,us-co-101,0.19599984535485,0.1038899940857
Metropolitan,2010,Teller County,CO,us-co-119,0.0869994844475,0.09357293184394
Metropolitan,2010,Weld County,CO,us-co-123,0.14300004033397,0.09183534227883
Metropolitan,2011,Adams County,CO,us-co-001,0.1610001726291,0.09921949362269
Metropolitan,2011,Arapahoe County,CO,us-co-005,0.12000006912845,0.08264918418934
Metropolitan,2011,Boulder County,CO,us-co-013,0.13800022755247,0.06452250555226
Metropolitan,2011,Broomfield County,CO,us-co-014,0.06500035154327,0.07016494585747
Metropolitan,2011,Clear Creek County,CO,us-co-019,0.08899585805441,0.07381818181818
Metropolitan,2011,Denver County,CO,us-co-031,0.18699997204366,0.08594765860555
Metropolitan,2011,Douglas County,CO,us-co-035,0.04300002416701,0.06396931999823
Metropolitan,2011,El Paso County,CO,us-co-041,0.13200005172352,0.09110653752239
Metropolitan,2011,Elbert County,CO,us-co-039,0.07899974041706,0.07495660407133
Metropolitan,2011,Gilpin County,CO,us-co-047,0.07800629979618,0.07219333129397
Metropolitan,2011,Jefferson County,CO,us-co-059,0.09000007521002,0.0795265904326
Metropolitan,2011,Larimer County,CO,us-co-069,0.13799983234135,0.07159153397059
Metropolitan,2011,Mesa County,CO,us-co-077,0.12199979110817,0.10251076515402
Metropolitan,2011,Park County,CO,us-co-093,0.09900182057882,0.07686583032107
Metropolitan,2011,Pueblo County,CO,us-co-101,0.18999993597091,0.10524914466765
Metropolitan,2011,Teller County,CO,us-co-119,0.0929993136582,0.09297350666447
Metropolitan,2011,Weld County,CO,us-co-123,0.14399977804113,0.08599620210746
Metropolitan,2012,Adams County,CO,us-co-001,0.14899995584794,0.0940717993224
Metropolitan,2012,Arapahoe County,CO,us-co-005,0.12,0.07715254740803
Metropolitan,2012,Boulder County,CO,us-co-013,0.1419998300909,0.06214533823985
Metropolitan,2012,Broomfield County,CO,us-co-014,0.06400027630988,0.06626002415085
Metropolitan,2012,Clear Creek County,CO,us-co-019,0.09599910594546,0.07029684938991
Metropolitan,2012,Denver County,CO,us-co-031,0.19499991128302,0.07847327561884
Metropolitan,2012,Douglas County,CO,us-co-035,0.0430000066848,0.05997702505511
Metropolitan,2012,El Paso County,CO,us-co-041,0.13099998086893,0.0883340928325
Metropolitan,2012,Elbert County,CO,us-co-039,0.06100068540096,0.07108557033772
Metropolitan,2012,Gilpin County,CO,us-co-047,0.08500459981601,0.06666666666667
Metropolitan,2012,Jefferson County,CO,us-co-059,0.09300005221893,0.07381150959133
Metropolitan,2012,Larimer County,CO,us-co-069,0.13699981849083,0.0668820734541
Metropolitan,2012,Mesa County,CO,us-co-077,0.15099995836398,0.09685762662152
Metropolitan,2012,Park County,CO,us-co-093,0.11500251509054,0.0686506231199
Metropolitan,2012,Pueblo County,CO,us-co-101,0.20200047235148,0.10681995009793
Metropolitan,2012,Teller County,CO,us-co-119,0.09700008645284,0.08380169448872
Metropolitan,2012,Weld County,CO,us-co-123,0.14300025627286,0.07771801402705
Metropolitan,2013,Adams County,CO,us-co-001,0.13200009486173,0.08095545885327
Metropolitan,2013,Arapahoe County,CO,us-co-005,0.1230000482869,0.06561402759517
Metropolitan,2013,Boulder County,CO,us-co-013,0.13499988315456,0.0548186186323
Metropolitan,2013,Broomfield County,CO,us-co-014,0.06400027277687,0.05793053194073
Metropolitan,2013,Clear Creek County,CO,us-co-019,0.09100067159167,0.06238565678741
Metropolitan,2013,Denver County,CO,us-co-031,0.18699997951462,0.06628576444224
Metropolitan,2013,Douglas County,CO,us-co-035,0.03599996074159,0.05301343337771
Metropolitan,2013,El Paso County,CO,us-co-041,0.1139999716418,0.07840223246155
Metropolitan,2013,Elbert County,CO,us-co-039,0.06700025443135,0.05871746629037
Metropolitan,2013,Gilpin County,CO,us-co-047,0.08099352051836,0.05975975975976
Metropolitan,2013,Jefferson County,CO,us-co-059,0.09100001654713,0.06238098964447
Metropolitan,2013,Larimer County,CO,us-co-069,0.13799981836581,0.05794128738101
Metropolitan,2013,Mesa County,CO,us-co-077,0.15399983235072,0.08700948874481
Metropolitan,2013,Park County,CO,us-co-093,0.10300106509617,0.06054414453167
Metropolitan,2013,Pueblo County,CO,us-co-101,0.20100057357721,0.09828746675351
Metropolitan,2013,Teller County,CO,us-co-119,0.08400121301391,0.07783159146911
Metropolitan,2013,Weld County,CO,us-co-123,0.13200012170817,0.06557705518663
Metropolitan,2014,Adams County,CO,us-co-001,0.12899998949238,0.05710456308511
Metropolitan,2014,Arapahoe County,CO,us-co-005,0.11200003904198,0.04880994948933
Metropolitan,2014,Boulder County,CO,us-co-013,0.133,0.04087142671554
Metropolitan,2014,Broomfield County,CO,us-co-014,0.04,0.04222112220831
Metropolitan,2014,Clear Creek County,CO,us-co-019,0.08500055266939,0.04618437669132
Metropolitan,2014,Denver County,CO,us-co-031,0.15899998462461,0.04799786280388
Metropolitan,2014,Douglas County,CO,us-co-035,0.03700003466783,0.04009127425207
Metropolitan,2014,El Paso County,CO,us-co-041,0.12199993772574,0.05990114914925
Metropolitan,2014,Elbert County,CO,us-co-039,0.05900100569896,0.04262018123176
Metropolitan,2014,Gilpin County,CO,us-co-047,0.0790017211704,0.04384193827517
Metropolitan,2014,Jefferson County,CO,us-co-059,0.08299998540082,0.04546748532942
Metropolitan,2014,Larimer County,CO,us-co-069,0.12800007595129,0.042551278449
Metropolitan,2014,Mesa County,CO,us-co-077,0.15399961074348,0.06192295663761
Metropolitan,2014,Park County,CO,us-co-093,0.09400234235345,0.04595255823849
Metropolitan,2014,Pueblo County,CO,us-co-101,0.18999993633777,0.07302705827301
Metropolitan,2014,Teller County,CO,us-co-119,0.0949997842875,0.05843430437398
Metropolitan,2014,Weld County,CO,us-co-123,0.10500016570252,0.04465190133326
Metropolitan,2015,Adams County,CO,us-co-001,0.1279999339142,0.04331052202086
Metropolitan,2015,Arapahoe County,CO,us-co-005,0.09200004468268,0.03718040621266
Metropolitan,2015,Boulder County,CO,us-co-013,0.12300002909636,0.03168181252334
Metropolitan,2015,Broomfield County,CO,us-co-014,0.04899973697647,0.03336890375797
Metropolitan,2015,Clear Creek County,CO,us-co-019,0.09599650921785,0.0366660704704
Metropolitan,2015,Denver County,CO,us-co-031,0.15700009395399,0.0370347539191
Metropolitan,2015,Douglas County,CO,us-co-035,0.03400002491529,0.03089719005182
Metropolitan,2015,El Paso County,CO,us-co-041,0.10999995429428,0.04611347812532
Metropolitan,2015,Elbert County,CO,us-co-039,0.05899991895616,0.03141519407944
Metropolitan,2015,Gilpin County,CO,us-co-047,0.08,0.03100775193798
Metropolitan,2015,Jefferson County,CO,us-co-059,0.07899996952438,0.03517834783446
Metropolitan,2015,Larimer County,CO,us-co-069,0.12199985230042,0.03295508746242
Metropolitan,2015,Mesa County,CO,us-co-077,0.14100002774772,0.05548383514485
Metropolitan,2015,Park County,CO,us-co-093,0.09199951290794,0.03431890179514
Metropolitan,2015,Pueblo County,CO,us-co-101,0.19799994971589,0.05651702872382
Metropolitan,2015,Teller County,CO,us-co-119,0.08800068616519,0.0442279506854
Metropolitan,2015,Weld County,CO,us-co-123,0.11300016127009,0.03831495296789
Metropolitan,2016,Adams County,CO,us-co-001,0.11700002630988,0.03625032049386
Metropolitan,2016,Arapahoe County,CO,us-co-005,0.09,0.03125731199401
Metropolitan,2016,Boulder County,CO,us-co-013,0.10800025600819,0.0270412196187
Metropolitan,2016,Broomfield County,CO,us-co-014,0.05300028624373,0.0293786860513
Metropolitan,2016,Clear Creek County,CO,us-co-019,0.08100258175559,0.03203661327231
Metropolitan,2016,Denver County,CO,us-co-031,0.14000011760763,0.03149108450789
Metropolitan,2016,Douglas County,CO,us-co-035,0.03400003671049,0.02696178430573
Metropolitan,2016,El Paso County,CO,us-co-041,0.11500002240347,0.0378693564369
Metropolitan,2016,Elbert County,CO,us-co-039,0.06000158315523,0.02654221962958
Metropolitan,2016,Gilpin County,CO,us-co-047,0.07500852369587,0.02448861999424
Metropolitan,2016,Jefferson County,CO,us-co-059,0.07000003553572,0.02987704943967
Metropolitan,2016,Larimer County,CO,us-co-069,0.11200016940846,0.02833871872246
Metropolitan,2016,Mesa County,CO,us-co-077,0.15000068424726,0.05394738670632
Metropolitan,2016,Park County,CO,us-co-093,0.09200515041554,0.02836287799791
Metropolitan,2016,Pueblo County,CO,us-co-101,0.19900043459365,0.04855686210016
Metropolitan,2016,Teller County,CO,us-co-119,0.09500375344065,0.03783783783784
Metropolitan,2016,Weld County,CO,us-co-123,0.11500031009461,0.034378870552
Metropolitan,2017,Adams County,CO,us-co-001,0.10600013720133,0.02929299895026
Metropolitan,2017,Arapahoe County,CO,us-co-005,0.0780000532584,0.02666575462718
Metropolitan,2017,Boulder County,CO,us-co-013,0.12600019342983,0.0231517415998
Metropolitan,2017,Broomfield County,CO,us-co-014,0.0460002677894,0.02503952927759
Metropolitan,2017,Clear Creek County,CO,us-co-019,0.07800063673989,0.02502127659574
Metropolitan,2017,Denver County,CO,us-co-031,0.125,0.02636072732372
Metropolitan,2017,Douglas County,CO,us-co-035,0.03200004842073,0.02289523335838
Metropolitan,2017,El Paso County,CO,us-co-041,0.10800015976355,0.03140529331648
Metropolitan,2017,Elbert County,CO,us-co-039,0.04900011694539,0.02331714087439
Metropolitan,2017,Gilpin County,CO,us-co-047,0.06900584795322,0.01941747572816
Metropolitan,2017,Jefferson County,CO,us-co-059,0.07600009248999,0.02521618956045
Metropolitan,2017,Larimer County,CO,us-co-069,0.11000014883389,0.02330116966548
Metropolitan,2017,Mesa County,CO,us-co-077,0.14900042073262,0.03817094179406
Metropolitan,2017,Park County,CO,us-co-093,0.08600090171326,0.0227251026449
Metropolitan,2017,Pueblo County,CO,us-co-101,0.18200047034942,0.0412772273256
Metropolitan,2017,Teller County,CO,us-co-119,0.08800065458413,0.03084707034438
Metropolitan,2017,Weld County,CO,us-co-123,0.09400015349143,0.02572402260116
Nonmetropolitan,2009,Alamosa County,CO,us-co-003,0.22200745547425,0.06300358102059
Nonmetropolitan,2009,Archuleta County,CO,us-co-007,0.12899571093307,0.07451847173982
Nonmetropolitan,2009,Baca County,CO,us-co-009,0.18302094818082,0.0366370998843
Nonmetropolitan,2009,Bent County,CO,us-co-011,0.37200820606337,0.06492537313433
Nonmetropolitan,2009,Chaffee County,CO,us-co-015,0.12,0.06273320895522
Nonmetropolitan,2009,Cheyenne County,CO,us-co-017,0.13399648917496,0.02551020408163
Nonmetropolitan,2009,Conejos County,CO,us-co-021,0.24498456790123,0.0741037988229
Nonmetropolitan,2009,Costilla County,CO,us-co-023,0.27399872854418,0.09064539521392
Nonmetropolitan,2009,Crowley County,CO,us-co-025,0.52998379254457,0.08605938600906
Nonmetropolitan,2009,Custer County,CO,us-co-027,0.13901458019105,0.06228543403629
Nonmetropolitan,2009,Delta County,CO,us-co-029,0.13900016283993,0.07146644670948
Nonmetropolitan,2009,Dolores County,CO,us-co-033,0.12403100775194,0.13122605363985
Nonmetropolitan,2009,Eagle County,CO,us-co-037,0.08000074749589,0.07008289374529
Nonmetropolitan,2009,Fremont County,CO,us-co-043,0.18099807060541,0.08518092187578
Nonmetropolitan,2009,Garfield County,CO,us-co-045,0.08600039623219,0.06956296125461
Nonmetropolitan,2009,Grand County,CO,us-co-049,0.0850018070112,0.06672558550597
Nonmetropolitan,2009,Gunnison County,CO,us-co-051,0.13400013701446,0.05431208231675
Nonmetropolitan,2009,Hinsdale County,CO,us-co-053,0.11205846528624,0.03157894736842
Nonmetropolitan,2009,Huerfano County,CO,us-co-055,0.26900125628141,0.08713098308971
Nonmetropolitan,2009,Jackson County,CO,us-co-057,0.15,0.04098994586234
Nonmetropolitan,2009,Kiowa County,CO,us-co-061,0.14802631578947,0.04195804195804
Nonmetropolitan,2009,Kit Carson County,CO,us-co-063,0.1539910183978,0.03909465020576
Nonmetropolitan,2009,La Plata County,CO,us-co-067,0.1160008071025,0.05380464284574
Nonmetropolitan,2009,Lake County,CO,us-co-065,0.13799170541661,0.08555327868852
Nonmetropolitan,2009,Las Animas County,CO,us-co-071,0.18499540139272,0.0813413785101
Nonmetropolitan,2009,Lincoln County,CO,us-co-073,0.16699123661149,0.04118404118404
Nonmetropolitan,2009,Logan County,CO,us-co-075,0.17000109325462,0.04962181032333
Nonmetropolitan,2009,Mineral County,CO,us-co-079,0.10503282275711,0.06680584551148
Nonmetropolitan,2009,Moffat County,CO,us-co-081,0.10100064790152,0.06213506665198
Nonmetropolitan,2009,Montezuma County,CO,us-co-083,0.16899948159668,0.07332328560663
Nonmetropolitan,2009,Montrose County,CO,us-co-085,0.12800038832124,0.08103881332638
Nonmetropolitan,2009,Morgan County,CO,us-co-087,0.14400177232951,0.05383187483426
Nonmetropolitan,2009,Otero County,CO,us-co-089,0.23600330305533,0.06834300451322
Nonmetropolitan,2009,Ouray County,CO,us-co-091,0.08500435919791,0.05616815988973
Nonmetropolitan,2009,Phillips County,CO,us-co-095,0.1239972495989,0.03567318757192
Nonmetropolitan,2009,Pitkin County,CO,us-co-097,0.06500124285359,0.06013822816623
Nonmetropolitan,2009,Prowers County,CO,us-co-099,0.23099944868867,0.05807648401826
Nonmetropolitan,2009,Rio Blanco County,CO,us-co-103,0.07699545240709,0.04872290191028
Nonmetropolitan,2009,Rio Grande County,CO,us-co-105,0.16999299719888,0.06084266352387
Nonmetropolitan,2009,Routt County,CO,us-co-107,0.06399931090917,0.06510040687754
Nonmetropolitan,2009,Saguache County,CO,us-co-109,0.30101896405321,0.08036236119229
Nonmetropolitan,2009,San Juan County,CO,us-co-111,0.13503649635036,0.07374100719424
Nonmetropolitan,2009,San Miguel County,CO,us-co-113,0.10700466977985,0.05919540229885
Nonmetropolitan,2009,Sedgwick County,CO,us-co-115,0.15502854633289,0.03723094822571
Nonmetropolitan,2009,Summit County,CO,us-co-117,0.08700037355248,0.06069346794063
Nonmetropolitan,2009,Washington County,CO,us-co-121,0.12099473935916,0.03987935656836
Nonmetropolitan,2009,Yuma County,CO,us-co-125,0.13300284780086,0.03304274465692
Nonmetropolitan,2010,Alamosa County,CO,us-co-003,0.21000270709258,0.08984679304077
Nonmetropolitan,2010,Archuleta County,CO,us-co-007,0.13099522892776,0.10648228176318
Nonmetropolitan,2010,Baca County,CO,us-co-009,0.17300944669366,0.0489443378119
Nonmetropolitan,2010,Bent County,CO,us-co-011,0.30897846999542,0.08125623130608
Nonmetropolitan,2010,Chaffee County,CO,us-co-015,0.12900085189242,0.07690447400242
Nonmetropolitan,2010,Cheyenne County,CO,us-co-017,0.12100840336134,0.04106972301815
Nonmetropolitan,2010,Conejos County,CO,us-co-021,0.21301128777764,0.09565680788702
Nonmetropolitan,2010,Costilla County,CO,us-co-023,0.25701331822046,0.10624597553123
Nonmetropolitan,2010,Crowley County,CO,us-co-025,0.34695180338334,0.09132720105125
Nonmetropolitan,2010,Custer County,CO,us-co-027,0.1499878256635,0.06641000962464
Nonmetropolitan,2010,Delta County,CO,us-co-029,0.15699963603878,0.10675396278429
Nonmetropolitan,2010,Dolores County,CO,us-co-033,0.1290009699321,0.177
Nonmetropolitan,2010,Eagle County,CO,us-co-037,0.08499961398904,0.08475359817549
Nonmetropolitan,2010,Fremont County,CO,us-co-043,0.16700010529641,0.11703001579779
Nonmetropolitan,2010,Garfield County,CO,us-co-045,0.09599971051727,0.10338999266511
Nonmetropolitan,2010,Grand County,CO,us-co-049,0.08299802223283,0.0877094972067
Nonmetropolitan,2010,Gunnison County,CO,us-co-051,0.14500137703112,0.06424110240904
Nonmetropolitan,2010,Hinsdale County,CO,us-co-053,0.09397590361446,0.05744680851064
Nonmetropolitan,2010,Huerfano County,CO,us-co-055,0.22699292089874,0.13974121996303
Nonmetropolitan,2010,Jackson County,CO,us-co-057,0.1509705248023,0.08813928182807
Nonmetropolitan,2010,Kiowa County,CO,us-co-061,0.12996389891697,0.06418485237484
Nonmetropolitan,2010,Kit Carson County,CO,us-co-063,0.14,0.04534062428799
Nonmetropolitan,2010,La Plata County,CO,us-co-067,0.11499929448286,0.07129945772243
Nonmetropolitan,2010,Lake County,CO,us-co-065,0.14399108759226,0.11001829826167
Nonmetropolitan,2010,Las Animas County,CO,us-co-071,0.18799918083146,0.10604586518416
Nonmetropolitan,2010,Lincoln County,CO,us-co-073,0.17899977370446,0.05991639572689
Nonmetropolitan,2010,Logan County,CO,us-co-075,0.16299909857363,0.06304946274754
Nonmetropolitan,2010,Mineral County,CO,us-co-079,0.11898016997167,0.06971153846154
Nonmetropolitan,2010,Moffat County,CO,us-co-081,0.10099978106984,0.0991582074771
Nonmetropolitan,2010,Montezuma County,CO,us-co-083,0.17399897229139,0.09113885272268
Nonmetropolitan,2010,Montrose County,CO,us-co-085,0.15000122390033,0.10977501939488
Nonmetropolitan,2010,Morgan County,CO,us-co-087,0.1420004361416,0.07017179274037
Nonmetropolitan,2010,Otero County,CO,us-co-089,0.19899929297873,0.09176581458358
Nonmetropolitan,2010,Ouray County,CO,us-co-091,0.09399005874379,0.09809390980939
Nonmetropolitan,2010,Phillips County,CO,us-co-095,0.11398728428701,0.05279927173418
Nonmetropolitan,2010,Pitkin County,CO,us-co-097,0.06999824858427,0.08079786745105
Nonmetropolitan,2010,Prowers County,CO,us-co-099,0.23000736678399,0.06973726889393
Nonmetropolitan,2010,Rio Blanco County,CO,us-co-103,0.08600469116497,0.08900190718373
Nonmetropolitan,2010,Rio Grande County,CO,us-co-105,0.17299720835801,0.10635438663851
Nonmetropolitan,2010,Routt County,CO,us-co-107,0.0769989704873,0.09277216147445
Nonmetropolitan,2010,Saguache County,CO,us-co-109,0.25098554533509,0.10143509458578
Nonmetropolitan,2010,San Juan County,CO,us-co-111,0.15909090909091,0.12475247524752
Nonmetropolitan,2010,San Miguel County,CO,us-co-113,0.1,0.07849550286182
Nonmetropolitan,2010,Sedgwick County,CO,us-co-115,0.13597612958227,0.07447774750227
Nonmetropolitan,2010,Summit County,CO,us-co-117,0.10099892971816,0.06739516888006
Nonmetropolitan,2010,Washington County,CO,us-co-121,0.13899697362732,0.05907335907336
Nonmetropolitan,2010,Yuma County,CO,us-co-125,0.125,0.05620941558442
Nonmetropolitan,2011,Alamosa County,CO,us-co-003,0.22699959941247,0.09656428943259
Nonmetropolitan,2011,Archuleta County,CO,us-co-007,0.14900075891728,0.10073068893528
Nonmetropolitan,2011,Baca County,CO,us-co-009,0.20501077586207,0.04787234042553
Nonmetropolitan,2011,Bent County,CO,us-co-011,0.32398316970547,0.08242612752722
Nonmetropolitan,2011,Chaffee County,CO,us-co-015,0.12899890524267,0.07215998072521
Nonmetropolitan,2011,Cheyenne County,CO,us-co-017,0.12897914379802,0.04190476190476
Nonmetropolitan,2011,Conejos County,CO,us-co-021,0.19799347274266,0.10461373390558
Nonmetropolitan,2011,Costilla County,CO,us-co-023,0.25997813012575,0.11694058154235
Nonmetropolitan,2011,Crowley County,CO,us-co-025,0.48105698822031,0.08870967741935
Nonmetropolitan,2011,Custer County,CO,us-co-027,0.15599505562423,0.06346058502727
Nonmetropolitan,2011,Delta County,CO,us-co-029,0.1659997982583,0.10437920743979
Nonmetropolitan,2011,Dolores County,CO,us-co-033,0.13300733496333,0.12777191129884
Nonmetropolitan,2011,Eagle County,CO,us-co-037,0.09800061756986,0.07848321771861
Nonmetropolitan,2011,Fremont County,CO,us-co-043,0.17999842796133,0.12006785624529
Nonmetropolitan,2011,Garfield County,CO,us-co-045,0.10700086742808,0.09472208057114
Nonmetropolitan,2011,Grand County,CO,us-co-049,0.1039994464434,0.08050028425242
Nonmetropolitan,2011,Gunnison County,CO,us-co-051,0.1790051457976,0.06029189733266
Nonmetropolitan,2011,Hinsdale County,CO,us-co-053,0.1070110701107,0.0507399577167
Nonmetropolitan,2011,Huerfano County,CO,us-co-055,0.22,0.13576532531027
Nonmetropolitan,2011,Jackson County,CO,us-co-057,0.16096139839767,0.06047032474804
Nonmetropolitan,2011,Kiowa County,CO,us-co-061,0.12596762843068,0.05023923444976
Nonmetropolitan,2011,Kit Carson County,CO,us-co-063,0.16201040810737,0.04689331770223
Nonmetropolitan,2011,La Plata County,CO,us-co-067,0.11100027929617,0.07015877323925
Nonmetropolitan,2011,Lake County,CO,us-co-065,0.1640016400164,0.10075394105552
Nonmetropolitan,2011,Las Animas County,CO,us-co-071,0.19499683788912,0.11021929195929
Nonmetropolitan,2011,Lincoln County,CO,us-co-073,0.17700522608498,0.06338349293206
Nonmetropolitan,2011,Logan County,CO,us-co-075,0.18000214224507,0.06253948199621
Nonmetropolitan,2011,Mineral County,CO,us-co-079,0.11205673758865,0.05399061032864
Nonmetropolitan,2011,Moffat County,CO,us-co-081,0.11899604093524,0.09299071364966
Nonmetropolitan,2011,Montezuma County,CO,us-co-083,0.16400015879948,0.08747882334822
Nonmetropolitan,2011,Montrose County,CO,us-co-085,0.16600187127591,0.11050606984064
Nonmetropolitan,2011,Morgan County,CO,us-co-087,0.15300093666691,0.06667553014691
Nonmetropolitan,2011,Otero County,CO,us-co-089,0.23900396890121,0.09961052755813
Nonmetropolitan,2011,Ouray County,CO,us-co-091,0.09799400507263,0.10182896688087
Nonmetropolitan,2011,Phillips County,CO,us-co-095,0.12398797131622,0.05338904363974
Nonmetropolitan,2011,Pitkin County,CO,us-co-097,0.07499852828634,0.07816218195131
Nonmetropolitan,2011,Prowers County,CO,us-co-099,0.21000163425396,0.06616469080423
Nonmetropolitan,2011,Rio Blanco County,CO,us-co-103,0.10099464422341,0.07855081756973
Nonmetropolitan,2011,Rio Grande County,CO,us-co-105,0.18499320190347,0.1228649068323
Nonmetropolitan,2011,Routt County,CO,us-co-107,0.08700182339151,0.08237681970885
Nonmetropolitan,2011,Saguache County,CO,us-co-109,0.29701853344077,0.11144278606965
Nonmetropolitan,2011,San Juan County,CO,us-co-111,0.1799709724238,0.11685823754789
Nonmetropolitan,2011,San Miguel County,CO,us-co-113,0.11100696304231,0.08045035823951
Nonmetropolitan,2011,Sedgwick County,CO,us-co-115,0.13801971710244,0.0793795620438
Nonmetropolitan,2011,Summit County,CO,us-co-117,0.105,0.06502207218904
Nonmetropolitan,2011,Washington County,CO,us-co-121,0.12600828428167,0.05446118192352
Nonmetropolitan,2011,Yuma County,CO,us-co-125,0.13599513579246,0.05259975816203
Nonmetropolitan,2012,Alamosa County,CO,us-co-003,0.24400319829424,0.10451030927835
Nonmetropolitan,2012,Archuleta County,CO,us-co-007,0.14600550964187,0.10033095279568
Nonmetropolitan,2012,Baca County,CO,us-co-009,0.19402576048232,0.04511650966782
Nonmetropolitan,2012,Bent County,CO,us-co-011,0.31699661999034,0.08357515960534
Nonmetropolitan,2012,Chaffee County,CO,us-co-015,0.13799963827094,0.06818724623836
Nonmetropolitan,2012,Cheyenne County,CO,us-co-017,0.12199124726477,0.04549950544016
Nonmetropolitan,2012,Conejos County,CO,us-co-021,0.24699307496052,0.10584433072987
Nonmetropolitan,2012,Costilla County,CO,us-co-023,0.27401837928154,0.1140897755611
Nonmetropolitan,2012,Crowley County,CO,us-co-025,0.51195545365215,0.08070432868672
Nonmetropolitan,2012,Custer County,CO,us-co-027,0.16198387490838,0.06338028169014
Nonmetropolitan,2012,Delta County,CO,us-co-029,0.17500168953166,0.09644740494033
Nonmetropolitan,2012,Dolores County,CO,us-co-033,0.1450075263422,0.10210526315789
Nonmetropolitan,2012,Eagle County,CO,us-co-037,0.09500077567484,0.07153446997776
Nonmetropolitan,2012,Fremont County,CO,us-co-043,0.19400219241009,0.11651540329797
Nonmetropolitan,2012,Garfield County,CO,us-co-045,0.11899966132511,0.08493828727353
Nonmetropolitan,2012,Grand County,CO,us-co-049,0.09899943630214,0.07241576242147
Nonmetropolitan,2012,Gunnison County,CO,us-co-051,0.16000272925764,0.05975609756098
Nonmetropolitan,2012,Hinsdale County,CO,us-co-053,0.1,0.04805491990847
Nonmetropolitan,2012,Huerfano County,CO,us-co-055,0.24001243587751,0.14226100151745
Nonmetropolitan,2012,Jackson County,CO,us-co-057,0.15703703703704,0.05199516324063
Nonmetropolitan,2012,Kiowa County,CO,us-co-061,0.13104414856342,0.0452876376989
Nonmetropolitan,2012,Kit Carson County,CO,us-co-063,0.14299397920088,0.04418714555766
Nonmetropolitan,2012,La Plata County,CO,us-co-067,0.125,0.06635454208629
Nonmetropolitan,2012,Lake County,CO,us-co-065,0.15900913368392,0.08614976805832
Nonmetropolitan,2012,Las Animas County,CO,us-co-071,0.19700485129719,0.11997703788749
Nonmetropolitan,2012,Lincoln County,CO,us-co-073,0.19398907103825,0.06484483557202
Nonmetropolitan,2012,Logan County,CO,us-co-075,0.17700161203654,0.05976886962802
Nonmetropolitan,2012,Mineral County,CO,us-co-079,0.11505681818182,0.05393258426966
Nonmetropolitan,2012,Moffat County,CO,us-co-081,0.12100107148324,0.08245161290323
Nonmetropolitan,2012,Montezuma County,CO,us-co-083,0.21200206521307,0.08525452576203
Nonmetropolitan,2012,Montrose County,CO,us-co-085,0.16400109102631,0.10316340922829
Nonmetropolitan,2012,Morgan County,CO,us-co-087,0.13399762581388,0.06750266808965
Nonmetropolitan,2012,Otero County,CO,us-co-089,0.23100554062209,0.10253360294992
Nonmetropolitan,2012,Ouray County,CO,us-co-091,0.10099667774086,0.0934803451582
Nonmetropolitan,2012,Phillips County,CO,us-co-095,0.12199074074074,0.05132991133924
Nonmetropolitan,2012,Pitkin County,CO,us-co-097,0.08199965081767,0.07171643158088
Nonmetropolitan,2012,Prowers County,CO,us-co-099,0.21899385688195,0.06980173685073
Nonmetropolitan,2012,Rio Blanco County,CO,us-co-103,0.10100395497414,0.08309085030715
Nonmetropolitan,2012,Rio Grande County,CO,us-co-105,0.20600272851296,0.12213740458015
Nonmetropolitan,2012,Routt County,CO,us-co-107,0.08900047616986,0.07188043100452
Nonmetropolitan,2012,Saguache County,CO,us-co-109,0.32498004788508,0.11085676913015
Nonmetropolitan,2012,San Juan County,CO,us-co-111,0.16788321167883,0.09888059701493
Nonmetropolitan,2012,San Miguel County,CO,us-co-113,0.11199469847581,0.0783950617284
Nonmetropolitan,2012,Sedgwick County,CO,us-co-115,0.14601958280119,0.06964285714286
Nonmetropolitan,2012,Summit County,CO,us-co-117,0.10200136049551,0.06033814177137
Nonmetropolitan,2012,Washington County,CO,us-co-121,0.14601576182137,0.0489006823351
Nonmetropolitan,2012,Yuma County,CO,us-co-125,0.13499899254483,0.05135024549918
Nonmetropolitan,2013,Alamosa County,CO,us-co-003,0.25599417141343,0.09698644558495
Nonmetropolitan,2013,Archuleta County,CO,us-co-007,0.15100281783524,0.08698689956332
Nonmetropolitan,2013,Baca County,CO,us-co-009,0.19102063580591,0.04146981627297
Nonmetropolitan,2013,Bent County,CO,us-co-011,0.3300395256917,0.07678355501814
Nonmetropolitan,2013,Chaffee County,CO,us-co-015,0.13000175757221,0.06137616878446
Nonmetropolitan,2013,Cheyenne County,CO,us-co-017,0.13100436681223,0.04209445585216
Nonmetropolitan,2013,Conejos County,CO,us-co-021,0.22900763358779,0.10590182018753
Nonmetropolitan,2013,Costilla County,CO,us-co-023,0.26001705029838,0.11166562694947
Nonmetropolitan,2013,Crowley County,CO,us-co-025,0.43205342237062,0.07153614457831
Nonmetropolitan,2013,Custer County,CO,us-co-027,0.14399806389158,0.06376360808709
Nonmetropolitan,2013,Delta County,CO,us-co-029,0.15100174801667,0.08828815874614
Nonmetropolitan,2013,Dolores County,CO,us-co-033,0.14002968827313,0.08243375858685
Nonmetropolitan,2013,Eagle County,CO,us-co-037,0.09500076382524,0.06034967218233
Nonmetropolitan,2013,Fremont County,CO,us-co-043,0.1969993132231,0.10667199360767
Nonmetropolitan,2013,Garfield County,CO,us-co-045,0.12400028310567,0.07418130348067
Nonmetropolitan,2013,Grand County,CO,us-co-049,0.11000210866662,0.05832293203223
Nonmetropolitan,2013,Gunnison County,CO,us-co-051,0.13699563794984,0.05463182897862
Nonmetropolitan,2013,Hinsdale County,CO,us-co-053,0.10606060606061,0.04608294930876
Nonmetropolitan,2013,Huerfano County,CO,us-co-055,0.22798742138365,0.13670191931061
Nonmetropolitan,2013,Jackson County,CO,us-co-057,0.15700660308144,0.04773869346734
Nonmetropolitan,2013,Kiowa County,CO,us-co-061,0.12900926585887,0.04432855280313
Nonmetropolitan,2013,Kit Carson County,CO,us-co-063,0.15100069013112,0.03924914675768
Nonmetropolitan,2013,La Plata County,CO,us-co-067,0.1240001560732,0.05692452703158
Nonmetropolitan,2013,Lake County,CO,us-co-065,0.14700569681812,0.07194083370686
Nonmetropolitan,2013,Las Animas County,CO,us-co-071,0.1799985389729,0.11127530663514
Nonmetropolitan,2013,Lincoln County,CO,us-co-073,0.19100867183934,0.05815602836879
Nonmetropolitan,2013,Logan County,CO,us-co-075,0.1689965995574,0.05114264651677
Nonmetropolitan,2013,Mineral County,CO,us-co-079,0.09902370990237,0.05854800936768
Nonmetropolitan,2013,Moffat County,CO,us-co-081,0.11500386697602,0.06907025884839
Nonmetropolitan,2013,Montezuma County,CO,us-co-083,0.19100193210047,0.07688694018165
Nonmetropolitan,2013,Montrose County,CO,us-co-085,0.15099885418223,0.0942705378784
Nonmetropolitan,2013,Morgan County,CO,us-co-087,0.13499802108445,0.06522772008416
Nonmetropolitan,2013,Otero County,CO,us-co-089,0.22499449217889,0.0982175336486
Nonmetropolitan,2013,Ouray County,CO,us-co-091,0.09800918836141,0.07577174929841
Nonmetropolitan,2013,Phillips County,CO,us-co-095,0.12401300510915,0.04590163934426
Nonmetropolitan,2013,Pitkin County,CO,us-co-097,0.07300028876697,0.06443275177698
Nonmetropolitan,2013,Prowers County,CO,us-co-099,0.21700167504188,0.06269113149847
Nonmetropolitan,2013,Rio Blanco County,CO,us-co-103,0.10699525485994,0.07809462086844
Nonmetropolitan,2013,Rio Grande County,CO,us-co-105,0.17900542963027,0.1156670746634
Nonmetropolitan,2013,Routt County,CO,us-co-107,0.08899939981137,0.05899725274725
Nonmetropolitan,2013,Saguache County,CO,us-co-109,0.29398447606727,0.11257162116616
Nonmetropolitan,2013,San Juan County,CO,us-co-111,0.15697674418605,0.0875
Nonmetropolitan,2013,San Miguel County,CO,us-co-113,0.11899463280534,0.06645833333333
Nonmetropolitan,2013,Sedgwick County,CO,us-co-115,0.14500214500215,0.062100456621
Nonmetropolitan,2013,Summit County,CO,us-co-117,0.09300119457522,0.04999228514118
Nonmetropolitan,2013,Washington County,CO,us-co-121,0.14000434121988,0.04568527918782
Nonmetropolitan,2013,Yuma County,CO,us-co-125,0.12999697915618,0.04747899159664
Nonmetropolitan,2014,Alamosa County,CO,us-co-003,0.22500664716831,0.07180710121887
Nonmetropolitan,2014,Archuleta County,CO,us-co-007,0.1470054446461,0.05946791862285
Nonmetropolitan,2014,Baca County,CO,us-co-009,0.2,0.02740434332989
Nonmetropolitan,2014,Bent County,CO,us-co-011,0.32297194844579,0.0518697225573
Nonmetropolitan,2014,Chaffee County,CO,us-co-015,0.12400281557954,0.04367434132447
Nonmetropolitan,2014,Cheyenne County,CO,us-co-017,0.13403199117485,0.02868852459016
Nonmetropolitan,2014,Conejos County,CO,us-co-021,0.2289872650091,0.07777164920022
Nonmetropolitan,2014,Costilla County,CO,us-co-023,0.28503229429935,0.09090909090909
Nonmetropolitan,2014,Crowley County,CO,us-co-025,0.40494791666667,0.05828917486752
Nonmetropolitan,2014,Custer County,CO,us-co-027,0.14899713467049,0.04625439919558
Nonmetropolitan,2014,Delta County,CO,us-co-029,0.15599740800109,0.0697912852435
Nonmetropolitan,2014,Dolores County,CO,us-co-033,0.15400202634245,0.03895131086142
Nonmetropolitan,2014,Eagle County,CO,us-co-037,0.07800034110936,0.04168970814132
Nonmetropolitan,2014,Fremont County,CO,us-co-043,0.19099826889786,0.0820435556773
Nonmetropolitan,2014,Garfield County,CO,us-co-045,0.10200045906386,0.05230887143131
Nonmetropolitan,2014,Grand County,CO,us-co-049,0.10399889875422,0.04022732337865
Nonmetropolitan,2014,Gunnison County,CO,us-co-051,0.14900484131253,0.040423781115
Nonmetropolitan,2014,Hinsdale County,CO,us-co-053,0.10103626943005,0.03669724770642
Nonmetropolitan,2014,Huerfano County,CO,us-co-055,0.22001588562351,0.0998761865456
Nonmetropolitan,2014,Jackson County,CO,us-co-057,0.16595135908441,0.0357568533969
Nonmetropolitan,2014,Kiowa County,CO,us-co-061,0.13501805054152,0.03439153439153
Nonmetropolitan,2014,Kit Carson County,CO,us-co-063,0.14900662251656,0.03046388183706
Nonmetropolitan,2014,La Plata County,CO,us-co-067,0.10699961434632,0.04214342735498
Nonmetropolitan,2014,Lake County,CO,us-co-065,0.15998894722299,0.04637809187279
Nonmetropolitan,2014,Las Animas County,CO,us-co-071,0.17399804496579,0.07527881040892
Nonmetropolitan,2014,Lincoln County,CO,us-co-073,0.1830035971223,0.04057835820896
Nonmetropolitan,2014,Logan County,CO,us-co-075,0.17700445733312,0.0379185520362
Nonmetropolitan,2014,Mineral County,CO,us-co-079,0.08895265423242,0.04929577464789
Nonmetropolitan,2014,Moffat County,CO,us-co-081,0.11200186799502,0.0574853562185
Nonmetropolitan,2014,Montezuma County,CO,us-co-083,0.16300043132181,0.0607109153822
Nonmetropolitan,2014,Montrose County,CO,us-co-085,0.15499900911613,0.06781324243363
Nonmetropolitan,2014,Morgan County,CO,us-co-087,0.13400129748432,0.04583949455572
Nonmetropolitan,2014,Otero County,CO,us-co-089,0.26000110969317,0.0762987012987
Nonmetropolitan,2014,Ouray County,CO,us-co-091,0.096,0.0569295380308
Nonmetropolitan,2014,Phillips County,CO,us-co-095,0.11499068901304,0.03269995581087
Nonmetropolitan,2014,Pitkin County,CO,us-co-097,0.06999942997207,0.04856910715898
Nonmetropolitan,2014,Prowers County,CO,us-co-099,0.20899606635882,0.04691572545613
Nonmetropolitan,2014,Rio Blanco County,CO,us-co-103,0.10900031142946,0.05924170616114
Nonmetropolitan,2014,Rio Grande County,CO,us-co-105,0.18300596282006,0.09188519512699
Nonmetropolitan,2014,Routt County,CO,us-co-107,0.08399932699588,0.0415801854158
Nonmetropolitan,2014,Saguache County,CO,us-co-109,0.29897743872748,0.08741721854305
Nonmetropolitan,2014,San Juan County,CO,us-co-111,0.15502793296089,0.05241090146751
Nonmetropolitan,2014,San Miguel County,CO,us-co-113,0.09900230237913,0.04712783171521
Nonmetropolitan,2014,Sedgwick County,CO,us-co-115,0.13898450946644,0.04582951420715
Nonmetropolitan,2014,Summit County,CO,us-co-117,0.09699856095388,0.03365551425031
Nonmetropolitan,2014,Washington County,CO,us-co-121,0.11401218450827,0.0315908236179
Nonmetropolitan,2014,Yuma County,CO,us-co-125,0.14000200863714,0.03311922922521
Nonmetropolitan,2015,Alamosa County,CO,us-co-003,0.23999475134497,0.05157743160099
Nonmetropolitan,2015,Archuleta County,CO,us-co-007,0.13100187494905,0.040395713108
Nonmetropolitan,2015,Baca County,CO,us-co-009,0.20800227014756,0.02114803625378
Nonmetropolitan,2015,Bent County,CO,us-co-011,0.36696562032885,0.03895348837209
Nonmetropolitan,2015,Chaffee County,CO,us-co-015,0.11700204141149,0.03410962126558
Nonmetropolitan,2015,Cheyenne County,CO,us-co-017,0.1169853768279,0.02729044834308
Nonmetropolitan,2015,Conejos County,CO,us-co-021,0.20199778024417,0.05618279569892
Nonmetropolitan,2015,Costilla County,CO,us-co-023,0.28200836820084,0.06503067484663
Nonmetropolitan,2015,Crowley County,CO,us-co-025,0.44292845257903,0.04500381388253
Nonmetropolitan,2015,Custer County,CO,us-co-027,0.15101374970869,0.03542914171657
Nonmetropolitan,2015,Delta County,CO,us-co-029,0.15799884050063,0.05689921340881
Nonmetropolitan,2015,Dolores County,CO,us-co-033,0.14901165737456,0.03063457330416
Nonmetropolitan,2015,Eagle County,CO,us-co-037,0.07600045260815,0.0312063202674
Nonmetropolitan,2015,Fremont County,CO,us-co-043,0.17199854348731,0.06169718502323
Nonmetropolitan,2015,Garfield County,CO,us-co-045,0.10299987798288,0.04136555377522
Nonmetropolitan,2015,Grand County,CO,us-co-049,0.08300151036661,0.03182561307902
Nonmetropolitan,2015,Gunnison County,CO,us-co-051,0.125,0.02928317234367
Nonmetropolitan,2015,Hinsdale County,CO,us-co-053,0.10906701708279,0.02954545454545
Nonmetropolitan,2015,Huerfano County,CO,us-co-055,0.23201012177764,0.07721359630718
Nonmetropolitan,2015,Jackson County,CO,us-co-057,0.13897058823529,0.03690476190476
Nonmetropolitan,2015,Kiowa County,CO,us-co-061,0.13898788310763,0.02648171500631
Nonmetropolitan,2015,Kit Carson County,CO,us-co-063,0.12200526242903,0.02429609445958
Nonmetropolitan,2015,La Plata County,CO,us-co-067,0.09400003765273,0.03455500864707
Nonmetropolitan,2015,Lake County,CO,us-co-065,0.1569933396765,0.03821102909249
Nonmetropolitan,2015,Las Animas County,CO,us-co-071,0.19299705059366,0.0561018861841
Nonmetropolitan,2015,Lincoln County,CO,us-co-073,0.19400665926748,0.03397612488522
Nonmetropolitan,2015,Logan County,CO,us-co-075,0.15500239859283,0.03104915361637
Nonmetropolitan,2015,Mineral County,CO,us-co-079,0.09405255878285,0.03661327231121
Nonmetropolitan,2015,Moffat County,CO,us-co-081,0.11700297200063,0.04519458780862
Nonmetropolitan,2015,Montezuma County,CO,us-co-083,0.19299737208224,0.056236481615
Nonmetropolitan,2015,Montrose County,CO,us-co-085,0.17700096075678,0.05068156195552
Nonmetropolitan,2015,Morgan County,CO,us-co-087,0.12099978328397,0.03795245813074
Nonmetropolitan,2015,Otero County,CO,us-co-089,0.20600570374098,0.0578367551327
Nonmetropolitan,2015,Ouray County,CO,us-co-091,0.09400428265525,0.04268012849931
Nonmetropolitan,2015,Phillips County,CO,us-co-095,0.11100789595913,0.02382943143813
Nonmetropolitan,2015,Pitkin County,CO,us-co-097,0.07000056315819,0.0384294842115
Nonmetropolitan,2015,Prowers County,CO,us-co-099,0.19600241233738,0.0408267851042
Nonmetropolitan,2015,Rio Blanco County,CO,us-co-103,0.09699584531799,0.05283550545967
Nonmetropolitan,2015,Rio Grande County,CO,us-co-105,0.17200317544324,0.06277935798456
Nonmetropolitan,2015,Routt County,CO,us-co-107,0.08899839946087,0.03232098077459
Nonmetropolitan,2015,Saguache County,CO,us-co-109,0.29602190368819,0.06109324758842
Nonmetropolitan,2015,San Juan County,CO,us-co-111,0.15593705293276,0.04149377593361
Nonmetropolitan,2015,San Miguel County,CO,us-co-113,0.10999491353001,0.03728879394057
Nonmetropolitan,2015,Sedgwick County,CO,us-co-115,0.136,0.03373702422145
Nonmetropolitan,2015,Summit County,CO,us-co-117,0.087,0.02503382949932
Nonmetropolitan,2015,Washington County,CO,us-co-121,0.11400512382579,0.02538434036468
Nonmetropolitan,2015,Yuma County,CO,us-co-125,0.14099959366111,0.02652825836217
Nonmetropolitan,2016,Alamosa County,CO,us-co-003,0.24800155975824,0.04123450543891
Nonmetropolitan,2016,Archuleta County,CO,us-co-007,0.12000630367977,0.03342309520038
Nonmetropolitan,2016,Baca County,CO,us-co-009,0.20201438848921,0.01746106654082
Nonmetropolitan,2016,Bent County,CO,us-co-011,0.34103465595178,0.03131749460043
Nonmetropolitan,2016,Chaffee County,CO,us-co-015,0.11400522074679,0.02699624102973
Nonmetropolitan,2016,Cheyenne County,CO,us-co-017,0.14,0.02340823970037
Nonmetropolitan,2016,Conejos County,CO,us-co-021,0.22700296735905,0.04916732751784
Nonmetropolitan,2016,Costilla County,CO,us-co-023,0.30404312668464,0.04920913884007
Nonmetropolitan,2016,Crowley County,CO,us-co-025,0.48009138381201,0.03610108303249
Nonmetropolitan,2016,Custer County,CO,us-co-027,0.13601618705036,0.03161063723031
Nonmetropolitan,2016,Delta County,CO,us-co-029,0.17800167926113,0.05018748197289
Nonmetropolitan,2016,Dolores County,CO,us-co-033,0.13200194836824,0.03981042654028
Nonmetropolitan,2016,Eagle County,CO,us-co-037,0.0790003354579,0.0277852069775
Nonmetropolitan,2016,Fremont County,CO,us-co-043,0.17500318836883,0.05262076053443
Nonmetropolitan,2016,Garfield County,CO,us-co-045,0.09100003449584,0.03559492520848
Nonmetropolitan,2016,Grand County,CO,us-co-049,0.08200026885334,0.02723778143877
Nonmetropolitan,2016,Gunnison County,CO,us-co-051,0.13800259403372,0.02309674861221
Nonmetropolitan,2016,Hinsdale County,CO,us-co-053,0.1,0.02262443438914
Nonmetropolitan,2016,Huerfano County,CO,us-co-055,0.21902858899477,0.06428284451587
Nonmetropolitan,2016,Jackson County,CO,us-co-057,0.1410635155096,0.0271186440678
Nonmetropolitan,2016,Kiowa County,CO,us-co-061,0.13907284768212,0.02097902097902
Nonmetropolitan,2016,Kit Carson County,CO,us-co-063,0.14301691597931,0.02147170655334
Nonmetropolitan,2016,La Plata County,CO,us-co-067,0.10900130184118,0.02930748463065
Nonmetropolitan,2016,Lake County,CO,us-co-065,0.14600587763826,0.02887139107612
Nonmetropolitan,2016,Las Animas County,CO,us-co-071,0.21600662550821,0.0515028432169
Nonmetropolitan,2016,Lincoln County,CO,us-co-073,0.18102886911222,0.02601410934744
Nonmetropolitan,2016,Logan County,CO,us-co-075,0.16400128796823,0.03038573508006
Nonmetropolitan,2016,Mineral County,CO,us-co-079,0.09302325581395,0.02159827213823
Nonmetropolitan,2016,Moffat County,CO,us-co-081,0.12900246305419,0.04038569032979
Nonmetropolitan,2016,Montezuma County,CO,us-co-083,0.15100206031092,0.05032441842064
Nonmetropolitan,2016,Montrose County,CO,us-co-085,0.16400087909941,0.04213370696557
Nonmetropolitan,2016,Morgan County,CO,us-co-087,0.11700388681027,0.03539232053422
Nonmetropolitan,2016,Otero County,CO,us-co-089,0.23600986878995,0.04775972427376
Nonmetropolitan,2016,Ouray County,CO,us-co-091,0.08801652892562,0.03842549203374
Nonmetropolitan,2016,Phillips County,CO,us-co-095,0.11501901140684,0.02049839228296
Nonmetropolitan,2016,Pitkin County,CO,us-co-097,0.06900236193904,0.03386546092092
Nonmetropolitan,2016,Prowers County,CO,us-co-099,0.20901320901321,0.03271105237073
Nonmetropolitan,2016,Rio Blanco County,CO,us-co-103,0.0950008037293,0.05141388174807
Nonmetropolitan,2016,Rio Grande County,CO,us-co-105,0.17500887468939,0.05051486302701
Nonmetropolitan,2016,Routt County,CO,us-co-107,0.07200228319811,0.02668558302932
Nonmetropolitan,2016,Saguache County,CO,us-co-109,0.27604084838963,0.04922118380062
Nonmetropolitan,2016,San Juan County,CO,us-co-111,0.15507246376812,0.0379746835443
Nonmetropolitan,2016,San Miguel County,CO,us-co-113,0.10100884294433,0.03309968847352
Nonmetropolitan,2016,Sedgwick County,CO,us-co-115,0.14802354920101,0.02385008517888
Nonmetropolitan,2016,Summit County,CO,us-co-117,0.07900112011596,0.02112208088096
Nonmetropolitan,2016,Washington County,CO,us-co-121,0.14300869934224,0.02172413793103
Nonmetropolitan,2016,Yuma County,CO,us-co-125,0.12300010190564,0.02184287812041
Nonmetropolitan,2017,Alamosa County,CO,us-co-003,0.21301271130913,0.03301828894071
Nonmetropolitan,2017,Archuleta County,CO,us-co-007,0.11700279477302,0.02914087271629
Nonmetropolitan,2017,Baca County,CO,us-co-009,0.19700460829493,0.01553672316384
Nonmetropolitan,2017,Bent County,CO,us-co-011,0.3200498132005,0.02646600934094
Nonmetropolitan,2017,Chaffee County,CO,us-co-015,0.11400131984162,0.02254428341385
Nonmetropolitan,2017,Cheyenne County,CO,us-co-017,0.13600891861761,0.01675485008818
Nonmetropolitan,2017,Conejos County,CO,us-co-021,0.21200589246256,0.04022403258656
Nonmetropolitan,2017,Costilla County,CO,us-co-023,0.2730411686587,0.03399122807018
Nonmetropolitan,2017,Crowley County,CO,us-co-025,0.47409414155097,0.02989130434783
Nonmetropolitan,2017,Custer County,CO,us-co-027,0.13201530612245,0.02948402948403
Nonmetropolitan,2017,Delta County,CO,us-co-029,0.16700187717887,0.03735833216734
Nonmetropolitan,2017,Dolores County,CO,us-co-033,0.12804284323272,0.02917771883289
Nonmetropolitan,2017,Eagle County,CO,us-co-037,0.07500091935425,0.02232745013632
Nonmetropolitan,2017,Fremont County,CO,us-co-043,0.16600354236723,0.04121025915041
Nonmetropolitan,2017,Garfield County,CO,us-co-045,0.07600041183334,0.0277566539924
Nonmetropolitan,2017,Grand County,CO,us-co-049,0.08700195950359,0.02167085427136
Nonmetropolitan,2017,Gunnison County,CO,us-co-051,0.14800579673619,0.01952905998879
Nonmetropolitan,2017,Hinsdale County,CO,us-co-053,0.08600770218228,0.02114164904863
Nonmetropolitan,2017,Huerfano County,CO,us-co-055,0.208,0.05562083822953
Nonmetropolitan,2017,Jackson County,CO,us-co-057,0.13705583756345,0.01767151767152
Nonmetropolitan,2017,Kiowa County,CO,us-co-061,0.14001473839352,0.0172972972973
Nonmetropolitan,2017,Kit Carson County,CO,us-co-063,0.11601353256273,0.01641961231471
Nonmetropolitan,2017,La Plata County,CO,us-co-067,0.09200155777683,0.0234643265929
Nonmetropolitan,2017,Lake County,CO,us-co-065,0.12200863083562,0.02056391774433
Nonmetropolitan,2017,Las Animas County,CO,us-co-071,0.23701274502497,0.03863346104725
Nonmetropolitan,2017,Lincoln County,CO,us-co-073,0.17602096527626,0.01974789915966
Nonmetropolitan,2017,Logan County,CO,us-co-075,0.15800819142056,0.0224941515206
Nonmetropolitan,2017,Mineral County,CO,us-co-079,0.08507853403141,0.01931330472103
Nonmetropolitan,2017,Moffat County,CO,us-co-081,0.11000693321008,0.03191489361702
Nonmetropolitan,2017,Montezuma County,CO,us-co-083,0.15200215824565,0.03803671437461
Nonmetropolitan,2017,Montrose County,CO,us-co-085,0.12900092282287,0.03168963364863
Nonmetropolitan,2017,Morgan County,CO,us-co-087,0.11400342702979,0.02328116983068
Nonmetropolitan,2017,Otero County,CO,us-co-089,0.23500755921384,0.03986951794128
Nonmetropolitan,2017,Ouray County,CO,us-co-091,0.07700355722955,0.02782685512367
Nonmetropolitan,2017,Phillips County,CO,us-co-095,0.10900473933649,0.01552795031056
Nonmetropolitan,2017,Pitkin County,CO,us-co-097,0.05900236459858,0.02955889040473
Nonmetropolitan,2017,Prowers County,CO,us-co-099,0.18200478959973,0.02515317639471
Nonmetropolitan,2017,Rio Blanco County,CO,us-co-103,0.09501148670824,0.03768844221106
Nonmetropolitan,2017,Rio Grande County,CO,us-co-105,0.1840064911648,0.04168217342761
Nonmetropolitan,2017,Routt County,CO,us-co-107,0.06900032299742,0.02286888931715
Nonmetropolitan,2017,Saguache County,CO,us-co-109,0.24400606980273,0.04246655031995
Nonmetropolitan,2017,San Juan County,CO,us-co-111,0.13604488078541,0.02083333333333
Nonmetropolitan,2017,San Miguel County,CO,us-co-113,0.07700025081515,0.02748177229389
Nonmetropolitan,2017,Sedgwick County,CO,us-co-115,0.15504547423127,0.02097315436242
Nonmetropolitan,2017,Summit County,CO,us-co-117,0.07300066093853,0.01793065593267
Nonmetropolitan,2017,Washington County,CO,us-co-121,0.12902546832246,0.01880567469482
Nonmetropolitan,2017,Yuma County,CO,us-co-125,0.1300050942435,0.01548750439986
